FirstRand,WesBank,RMB Holdings,FirstRand Price,JSE All Share,TARIFFS,RMB,FSR,Invest,SARB,Capitec Share Price,ZAR,Inflation rate South Africa,Interest rates South Africa
9.01,32.55,0.0,0.0,0.0,44.84,24.82,0.0,81.34,6.27,0.0,40.8,0.0,13.8
16.43,72.54,0.0,20.4,0.0,47.88,54.75,0.0,84.28,9.12,31.72,44.8,0.0,0.0
16.96,89.28,0.0,0.0,0.0,44.08,32.85,0.0,80.36,10.83,0.0,44.8,20.52,17.02
15.37,82.77,0.0,0.0,0.0,52.44,34.31,0.0,79.38,13.68,0.0,44.8,0.0,17.94
11.13,84.63,0.0,0.0,0.0,38.0,37.23,0.0,72.52,11.4,0.0,41.6,23.76,0.0
0.0,38.13,0.0,0.0,0.0,25.08,17.52,0.0,61.74,6.27,0.0,34.4,0.0,0.0
0.0,29.7,0.0,0.0,0.0,28.49,21.33,0.0,67.45,0.0,0.0,39.6,0.0,0.0
18.24,82.17,0.0,0.0,0.0,50.05,39.5,0.0,66.5,7.52,42.09,57.42,33.55,0.0
21.09,85.14,0.0,0.0,0.0,44.66,53.72,0.0,86.45,7.05,0.0,55.44,0.0,0.0
19.95,90.09,0.0,0.0,0.0,52.36,35.55,0.0,78.85,7.05,0.0,68.31,29.89,30.24
21.66,90.09,0.0,43.35,0.0,69.3,31.6,0.0,71.25,7.52,53.82,92.07,0.0,0.0
14.82,82.17,0.0,0.0,0.0,30.8,40.29,0.0,63.65,5.64,0.0,99.0,0.0,21.28
0.0,30.69,0.0,0.0,0.0,23.87,26.86,0.0,43.7,6.11,0.0,55.44,0.0,0.0
0.0,20.88,0.0,0.0,0.0,48.06,0.0,0.0,60.14,0.0,0.0,46.0,40.81,0.0
17.49,66.12,0.0,0.0,0.0,61.41,31.68,0.0,85.36,6.3,0.0,83.0,40.81,18.24
12.19,70.47,0.0,0.0,0.0,53.4,33.12,0.0,77.6,8.1,0.0,73.0,34.65,26.22
19.08,72.21,0.0,0.0,0.0,74.76,38.16,0.0,75.66,7.2,0.0,69.0,43.12,0.0
14.84,69.6,0.0,0.0,0.0,57.85,38.16,0.0,68.87,8.55,0.0,72.0,32.34,0.0
14.84,67.86,0.0,0.0,0.0,52.51,31.68,0.0,75.66,6.75,0.0,72.0,0.0,0.0
0.0,31.32,0.0,0.0,0.0,32.04,25.2,0.0,65.96,0.0,0.0,55.0,0.0,0.0
0.0,33.0,0.0,0.0,0.0,48.23,42.0,0.0,69.3,0.0,0.0,47.84,0.0,0.0
8.8,86.0,0.0,0.0,0.0,77.35,64.0,0.0,83.16,22.0,0.0,63.48,37.0,0.0
6.4,71.0,0.0,0.0,0.0,73.71,58.0,0.0,93.06,16.0,0.0,62.56,50.0,32.0
0.0,85.0,0.0,0.0,0.0,80.99,73.0,0.0,90.09,19.0,0.0,57.04,86.0,44.0
8.4,94.0,0.0,0.0,0.0,61.88,71.0,0.0,88.11,100.0,0.0,69.0,100.0,100.0
10.0,83.0,0.0,0.0,0.0,54.6,78.0,0.0,62.37,24.0,0.0,67.16,70.0,85.0
0.0,38.0,0.0,0.0,0.0,30.94,53.0,0.0,62.37,15.0,0.0,41.4,0.0,38.0
0.0,26.7,0.0,0.0,0.0,53.0,40.48,0.0,67.34,0.0,0.0,46.06,0.0,30.1
18.45,79.21,32.0,0.0,0.0,65.0,88.0,0.0,76.44,11.59,0.0,62.04,23.01,36.4
10.8,68.53,0.0,0.0,0.0,78.0,36.96,0.0,69.16,13.42,35.84,68.62,20.65,0.0
16.2,76.54,0.0,0.0,0.0,74.0,64.24,0.0,66.43,12.81,0.0,67.68,20.65,28.7
9.0,62.3,0.0,0.0,0.0,100.0,51.04,0.0,76.44,11.59,0.0,69.56,27.73,23.8
8.1,55.18,0.0,0.0,0.0,88.0,40.48,0.0,56.42,10.37,0.0,64.86,25.96,31.5
0.0,48.06,0.0,0.0,0.0,28.0,18.48,0.0,54.6,0.0,0.0,44.18,0.0,0.0
11.34,27.84,0.0,0.0,0.0,45.0,17.02,0.0,61.74,0.0,0.0,44.59,0.0,0.0
12.42,54.81,0.0,0.0,0.0,67.5,37.0,0.0,98.0,10.56,0.0,64.61,0.0,0.0
22.68,73.95,0.0,0.0,0.0,64.8,41.44,0.0,74.48,6.16,42.66,62.79,19.11,0.0
15.12,75.69,0.0,0.0,0.0,50.4,38.48,0.0,78.4,8.8,0.0,63.7,0.0,0.0
15.12,72.21,0.0,0.0,0.0,88.2,34.04,0.0,83.3,3.96,42.66,60.06,0.0,0.0
14.58,47.85,0.0,0.0,0.0,57.6,42.92,0.0,72.52,5.28,0.0,66.43,0.0,0.0
0.0,34.8,0.0,0.0,0.0,25.2,20.72,0.0,70.56,0.0,0.0,40.95,0.0,0.0
10.0,30.34,0.0,0.0,0.0,26.91,0.0,0.0,41.08,0.0,0.0,39.06,0.0,22.88
10.5,60.68,0.0,0.0,0.0,40.02,41.89,0.0,56.88,3.3,0.0,66.03,0.0,0.0
14.0,68.06,0.0,0.0,0.0,43.47,35.5,0.0,61.62,3.0,49.92,66.96,24.38,12.76
15.0,70.52,0.0,0.0,0.0,40.71,39.76,0.0,55.3,4.8,0.0,64.17,0.0,0.0
17.0,59.04,0.0,0.0,0.0,42.78,33.37,0.0,33.18,3.3,0.0,60.45,25.97,0.0
0.0,20.5,0.0,0.0,0.0,17.94,36.92,0.0,47.4,0.0,0.0,53.01,0.0,0.0
0.0,22.96,0.0,0.0,0.0,13.8,22.01,0.0,60.83,0.0,0.0,46.5,0.0,0.0
0.0,24.03,0.0,0.0,0.0,22.2,34.83,0.0,47.85,0.0,0.0,43.2,0.0,0.0
13.25,76.54,0.0,0.0,0.0,54.02,54.27,0.0,61.77,4.56,0.0,60.3,0.0,0.0
19.08,74.76,0.0,0.0,0.0,43.66,40.5,0.0,55.68,6.08,83.0,59.4,27.95,0.0
16.43,79.21,0.0,0.0,0.0,56.24,41.31,0.0,67.86,6.46,73.0,59.4,0.0,12.54
20.14,72.98,0.0,0.0,0.0,39.22,49.41,0.0,60.03,3.8,0.0,54.9,28.6,0.0
0.0,56.96,0.0,0.0,0.0,36.26,34.83,0.0,52.2,4.18,0.0,55.8,0.0,11.78
0.0,31.15,0.0,0.0,0.0,16.28,30.78,0.0,66.99,0.0,0.0,39.6,0.0,0.0
0.0,15.12,0.0,0.0,0.0,21.84,20.25,0.0,68.08,0.0,0.0,42.24,0.0,0.0
11.44,70.56,0.0,0.0,13.23,64.61,55.89,0.0,78.2,3.96,0.0,61.6,19.11,0.0
18.72,66.36,0.0,0.0,0.0,54.6,42.12,0.0,78.2,0.0,0.0,56.32,0.0,15.84
14.56,68.88,0.0,39.5,0.0,55.51,46.98,0.0,57.04,3.6,0.0,54.56,0.0,0.0
0.0,65.52,0.0,0.0,0.0,70.98,27.54,0.0,61.64,3.96,0.0,55.44,0.0,0.0
10.92,51.24,0.0,0.0,0.0,61.88,38.88,0.0,64.4,6.84,0.0,51.92,0.0,0.0
0.0,34.44,0.0,0.0,0.0,61.88,25.11,0.0,75.44,0.0,0.0,38.72,0.0,0.0
23.1,26.97,0.0,0.0,0.0,33.21,0.0,0.0,78.0,0.0,0.0,43.2,0.0,0.0
27.72,79.98,0.0,0.0,0.0,63.18,47.2,0.0,87.0,4.56,51.0,64.8,0.0,0.0
14.52,65.1,0.0,0.0,0.0,53.46,48.0,0.0,79.0,5.7,0.0,57.6,0.0,0.0
21.78,81.84,0.0,0.0,0.0,58.32,42.4,0.0,78.0,4.94,0.0,58.5,44.1,12.9
29.04,79.98,0.0,0.0,0.0,51.03,49.6,0.0,72.0,5.32,0.0,58.5,0.0,0.0
25.74,65.1,0.0,0.0,0.0,39.69,34.4,0.0,64.0,6.08,0.0,55.8,0.0,18.06
0.0,46.5,0.0,0.0,0.0,17.82,0.0,0.0,61.0,0.0,0.0,37.8,0.0,0.0
16.52,19.74,0.0,0.0,0.0,12.06,0.0,0.0,43.2,0.0,0.0,40.92,0.0,0.0
17.7,66.74,0.0,0.0,60.2,41.54,48.72,0.0,53.6,3.3,0.0,58.59,25.62,0.0
15.93,76.14,0.0,0.0,0.0,43.55,69.72,0.0,34.4,5.28,0.0,63.24,0.0,37.0
21.24,84.6,0.0,0.0,49.88,39.53,57.96,0.0,50.4,4.29,0.0,64.17,0.0,69.56
21.24,76.14,0.0,0.0,43.0,24.12,47.88,0.0,49.6,3.96,35.2,66.03,0.0,39.96
14.16,70.5,0.0,0.0,86.0,34.17,51.24,0.0,52.8,3.63,0.0,66.96,0.0,0.0
0.0,44.18,0.0,0.0,0.0,20.1,26.88,0.0,47.2,0.0,0.0,50.22,0.0,0.0
0.0,33.48,0.0,0.0,0.0,20.44,0.0,0.0,36.96,0.0,0.0,50.05,0.0,0.0
19.52,79.98,0.0,0.0,0.0,45.99,41.87,0.0,52.36,11.1,0.0,60.97,39.5,28.0
21.96,79.98,0.0,0.0,0.0,41.61,40.29,0.0,59.29,18.5,0.0,62.79,0.0,27.2
19.52,68.82,0.0,0.0,0.0,40.15,48.19,0.0,47.74,12.58,0.0,61.88,34.76,59.2
23.18,70.68,0.0,0.0,0.0,43.8,41.08,0.0,40.04,39.22,0.0,60.06,37.13,53.6
20.13,63.24,0.0,0.0,0.0,40.88,39.5,0.0,43.89,13.32,0.0,58.24,63.2,0.0
0.0,36.27,0.0,0.0,0.0,18.98,36.34,0.0,31.57,0.0,0.0,39.13,37.92,0.0
0.0,39.36,0.0,0.0,0.0,28.16,35.6,0.0,65.57,0.0,0.0,40.95,0.0,0.0
31.49,78.72,0.0,0.0,0.0,68.64,58.74,0.0,54.78,6.3,0.0,62.79,30.09,0.0
24.79,96.0,0.0,55.08,0.0,65.12,61.41,0.0,58.1,3.85,42.7,61.88,29.5,0.0
20.77,72.96,0.0,0.0,0.0,66.88,42.72,0.0,47.31,5.95,0.0,60.06,0.0,14.76
20.77,76.8,0.0,0.0,0.0,72.16,46.28,0.0,57.27,0.0,0.0,58.24,23.01,0.0
18.76,54.72,0.0,0.0,0.0,53.68,33.82,0.0,46.48,3.15,0.0,55.51,0.0,0.0
18.09,36.48,0.0,0.0,0.0,34.32,37.38,0.0,39.01,0.0,0.0,39.13,0.0,0.0
27.06,30.8,0.0,0.0,0.0,26.07,23.36,0.0,43.2,0.0,0.0,39.15,0.0,0.0
40.18,72.16,0.0,0.0,0.0,60.83,47.45,0.0,55.2,5.04,34.65,56.55,0.0,0.0
36.08,65.12,0.0,0.0,54.56,56.88,47.45,0.0,44.0,4.32,0.0,56.55,18.87,0.0
31.16,65.12,0.0,0.0,55.44,67.15,35.04,0.0,56.8,0.0,0.0,57.42,0.0,0.0
31.98,75.68,0.0,0.0,41.36,48.19,30.66,0.0,56.0,5.04,0.0,60.03,20.4,0.0
33.62,51.92,0.0,0.0,0.0,47.4,27.74,0.0,36.8,4.68,0.0,53.94,0.0,0.0
0.0,32.56,0.0,0.0,0.0,16.59,19.71,0.0,48.0,0.0,0.0,36.54,0.0,15.91
13.2,19.24,0.0,0.0,0.0,17.28,22.4,0.0,41.08,0.0,0.0,33.21,0.0,0.0
30.0,54.76,0.0,0.0,0.0,34.56,33.92,0.0,60.04,4.42,0.0,49.41,0.0,0.0
24.6,53.28,0.0,0.0,0.0,47.36,44.8,0.0,52.14,0.0,0.0,49.41,0.0,0.0
16.2,28.12,0.0,0.0,0.0,26.24,37.12,0.0,46.61,4.08,0.0,42.93,0.0,0.0
20.4,51.8,0.0,0.0,0.0,31.36,26.24,0.0,50.56,6.8,0.0,55.08,37.05,0.0
22.2,50.32,0.0,0.0,0.0,24.32,18.56,0.0,62.41,4.42,0.0,49.41,42.9,12.71
0.0,28.12,0.0,0.0,0.0,19.2,0.0,0.0,37.13,4.08,0.0,32.4,0.0,0.0
0.0,30.72,0.0,0.0,0.0,24.8,22.04,0.0,40.81,5.5,0.0,32.0,0.0,0.0
28.81,95.04,0.0,0.0,0.0,53.6,40.28,0.0,53.13,9.35,0.0,48.8,0.0,0.0
21.44,79.68,0.0,0.0,0.0,46.4,29.64,0.0,43.12,17.05,0.0,52.0,41.6,13.33
20.1,76.8,0.0,0.0,0.0,51.2,41.04,0.0,45.43,9.35,0.0,48.8,48.0,0.0
26.8,82.56,0.0,0.0,0.0,57.6,53.2,0.0,53.13,9.35,0.0,48.0,36.8,12.9
26.13,63.36,0.0,0.0,0.0,33.6,27.36,0.0,46.2,7.7,0.0,45.6,41.6,0.0
0.0,36.48,0.0,0.0,0.0,29.6,22.8,0.0,36.96,8.25,0.0,29.6,0.0,0.0
12.35,24.03,0.0,0.0,0.0,24.64,22.5,0.0,35.49,0.0,0.0,32.76,0.0,0.0
14.3,87.22,0.0,0.0,0.0,46.2,45.75,0.0,71.89,21.08,0.0,52.92,0.0,0.0
27.95,72.98,0.0,0.0,0.0,51.59,46.5,0.0,67.34,15.64,44.24,54.6,59.85,0.0
18.85,64.08,0.0,0.0,0.0,43.12,40.5,0.0,53.69,12.92,0.0,54.6,95.0,19.32
30.55,72.98,0.0,0.0,61.62,46.97,37.5,0.0,68.25,14.96,0.0,54.6,61.75,13.8
25.35,63.19,0.0,0.0,42.66,43.89,27.0,0.0,65.52,10.88,0.0,48.72,0.0,14.72
15.6,40.05,0.0,0.0,0.0,20.02,17.25,0.0,61.88,8.16,0.0,32.76,0.0,0.0
0.0,36.48,0.0,0.0,0.0,32.37,30.34,0.0,46.5,5.61,0.0,32.0,0.0,0.0
24.08,89.28,0.0,38.4,49.59,49.8,67.24,65.0,48.0,11.22,30.68,44.8,26.65,0.0
15.68,75.84,0.0,0.0,48.72,41.5,53.3,0.0,31.5,8.16,0.0,50.4,38.35,0.0
17.36,61.44,0.0,0.0,51.33,63.91,49.2,56.0,45.75,9.69,0.0,44.8,0.0,0.0
16.24,73.92,0.0,0.0,49.59,70.55,51.66,0.0,53.25,9.18,0.0,44.8,0.0,0.0
19.6,60.48,0.0,0.0,45.24,57.27,39.36,0.0,45.0,5.61,0.0,46.4,0.0,0.0
0.0,43.2,0.0,0.0,0.0,32.37,31.16,0.0,30.0,0.0,0.0,29.6,0.0,0.0
0.0,21.6,0.0,0.0,0.0,20.25,40.48,0.0,60.9,0.0,0.0,29.23,0.0,0.0
21.08,66.6,0.0,0.0,0.0,64.8,44.88,0.0,57.42,9.45,0.0,45.03,0.0,0.0
24.8,77.4,0.0,0.0,51.75,46.17,49.28,0.0,64.38,8.19,0.0,51.35,0.0,13.53
26.66,75.6,0.0,0.0,0.0,58.32,51.92,0.0,61.77,11.34,0.0,48.98,32.33,0.0
22.32,76.5,0.0,0.0,0.0,53.46,58.08,48.95,55.68,15.75,0.0,46.61,28.06,0.0
23.56,67.5,0.0,0.0,0.0,39.69,36.96,0.0,51.33,0.0,0.0,40.29,30.5,0.0
0.0,30.6,0.0,0.0,54.0,20.25,29.04,0.0,57.42,27.09,0.0,30.02,0.0,0.0
0.0,26.73,0.0,0.0,0.0,20.4,0.0,0.0,41.34,0.0,0.0,25.9,0.0,0.0
19.5,59.94,0.0,0.0,65.52,42.84,40.04,0.0,39.78,9.46,0.0,44.4,0.0,0.0
11.7,67.23,0.0,0.0,51.87,41.48,41.58,0.0,53.82,6.02,0.0,39.96,0.0,0.0
15.6,57.51,0.0,0.0,0.0,31.96,61.6,0.0,55.38,5.16,0.0,44.4,26.32,21.07
41.6,57.51,0.0,63.92,0.0,37.4,43.89,70.0,49.92,6.88,0.0,39.22,28.56,0.0
26.0,37.26,0.0,0.0,0.0,32.64,36.19,0.0,48.36,0.0,0.0,36.26,0.0,0.0
0.0,34.83,0.0,0.0,0.0,12.92,26.18,0.0,36.66,3.87,0.0,24.42,0.0,0.0
0.0,15.8,0.0,0.0,0.0,10.5,23.12,0.0,33.37,0.0,0.0,27.36,0.0,0.0
33.11,56.09,0.0,0.0,0.0,51.8,26.52,0.0,41.89,8.32,0.0,38.16,25.76,18.7
33.11,53.72,0.0,0.0,31.86,44.1,32.64,52.2,39.76,6.76,0.0,35.28,26.32,0.0
33.88,49.77,0.0,0.0,0.0,45.5,39.44,0.0,54.67,9.36,0.0,36.72,0.0,0.0
37.73,67.15,0.0,100.0,0.0,33.6,42.16,0.0,39.05,15.6,0.0,39.6,27.44,30.25
30.03,41.87,0.0,0.0,0.0,29.4,26.52,0.0,37.63,8.32,0.0,36.0,23.52,0.0
0.0,27.65,0.0,0.0,0.0,18.9,23.12,0.0,23.43,0.0,0.0,28.08,0.0,0.0
0.0,15.2,0.0,0.0,0.0,10.71,18.48,0.0,47.88,0.0,0.0,26.64,0.0,0.0
15.0,19.2,0.0,0.0,0.0,25.2,25.08,0.0,47.12,0.0,0.0,39.96,0.0,0.0
34.2,60.0,0.0,58.8,0.0,28.98,33.0,41.31,47.88,5.04,0.0,42.18,0.0,0.0
13.8,69.6,0.0,0.0,46.02,34.65,32.34,0.0,45.6,3.6,0.0,38.48,29.61,0.0
21.0,72.0,0.0,0.0,0.0,32.76,36.96,0.0,44.84,6.48,53.32,42.18,23.03,11.88
21.6,52.8,0.0,0.0,0.0,44.73,25.74,49.41,36.48,0.0,39.06,39.96,0.0,0.0
0.0,31.2,0.0,0.0,0.0,16.38,15.18,0.0,36.48,3.96,0.0,28.12,0.0,0.0
0.0,20.88,0.0,0.0,0.0,17.5,30.4,0.0,41.04,0.0,0.0,31.2,0.0,0.0
35.0,62.64,0.0,0.0,41.65,43.4,30.4,42.0,55.48,3.6,0.0,47.2,0.0,0.0
34.0,73.95,0.0,0.0,45.05,55.3,38.0,0.0,53.96,3.24,0.0,44.8,21.07,0.0
78.0,54.81,0.0,0.0,43.35,35.0,39.52,0.0,42.56,6.84,0.0,46.4,0.0,0.0
100.0,69.6,0.0,0.0,50.15,32.9,39.52,43.68,48.64,3.6,0.0,48.0,0.0,10.54
46.0,66.12,0.0,0.0,48.45,36.4,34.96,0.0,50.16,0.0,0.0,45.6,0.0,0.0
20.0,29.58,0.0,0.0,0.0,0.0,0.0,0.0,31.16,0.0,0.0,30.4,0.0,0.0
17.48,18.06,0.0,0.0,0.0,18.2,20.52,0.0,45.36,3.7,0.0,36.12,0.0,0.0
25.84,55.04,0.0,0.0,74.82,32.2,34.96,0.0,59.13,4.44,0.0,55.44,0.0,0.0
33.44,73.1,0.0,0.0,0.0,42.7,47.88,0.0,48.6,4.44,0.0,49.56,21.45,0.0
28.88,71.38,0.0,0.0,0.0,39.9,36.48,0.0,57.51,4.81,0.0,52.08,28.6,11.55
28.88,58.48,0.0,0.0,0.0,46.9,41.8,0.0,55.89,3.7,0.0,51.24,31.35,9.24
22.8,67.94,0.0,0.0,0.0,46.2,39.52,45.0,48.6,4.07,0.0,50.4,0.0,0.0
17.48,22.36,0.0,0.0,0.0,11.2,23.56,0.0,39.69,0.0,0.0,32.76,0.0,0.0
14.4,32.4,0.0,0.0,0.0,13.42,0.0,0.0,31.5,0.0,0.0,29.6,0.0,0.0
22.2,68.4,0.0,0.0,0.0,26.23,44.22,53.29,38.5,5.44,0.0,43.66,0.0,0.0
16.8,76.5,0.0,0.0,31.08,31.11,36.85,0.0,49.0,4.42,0.0,43.66,20.52,0.0
24.0,72.9,0.0,0.0,43.66,28.06,23.45,0.0,58.8,3.4,0.0,40.7,51.3,0.0
19.2,75.6,0.0,0.0,0.0,40.87,29.48,0.0,28.7,5.44,0.0,42.18,0.0,0.0
19.2,64.8,0.0,0.0,37.0,25.01,29.48,0.0,32.2,3.74,0.0,37.74,0.0,0.0
0.0,27.0,0.0,0.0,0.0,7.32,16.75,0.0,24.5,0.0,0.0,24.42,0.0,0.0
9.69,22.12,0.0,0.0,0.0,26.64,22.1,0.0,36.57,0.0,0.0,27.74,0.0,0.0
16.32,61.62,0.0,0.0,62.3,39.6,35.75,0.0,50.37,4.42,0.0,44.53,16.8,0.0
16.32,56.09,0.0,0.0,38.27,48.96,22.75,0.0,36.57,4.42,0.0,43.07,0.0,0.0
14.28,69.52,0.0,0.0,63.19,38.88,27.95,0.0,43.47,5.1,0.0,39.42,23.04,10.5
14.79,56.09,0.0,0.0,40.05,51.12,38.35,0.0,40.71,4.08,0.0,41.61,0.0,14.7
13.26,56.88,0.0,0.0,0.0,34.56,30.55,0.0,35.88,3.74,0.0,35.04,0.0,0.0
0.0,18.96,0.0,0.0,0.0,17.28,18.85,0.0,19.32,0.0,0.0,24.82,0.0,0.0
0.0,14.62,0.0,0.0,0.0,17.82,16.1,0.0,57.2,0.0,0.0,28.0,0.0,0.0
8.93,60.2,0.0,0.0,64.0,46.98,36.4,0.0,58.08,0.0,0.0,48.0,24.51,0.0
15.04,70.52,0.0,0.0,65.0,44.55,32.9,0.0,65.12,4.81,19.38,45.6,26.22,0.0
26.32,54.18,0.0,54.12,43.0,51.84,50.4,0.0,51.92,10.73,0.0,67.2,0.0,13.02
0.0,75.68,0.0,0.0,42.0,81.0,31.5,0.0,76.56,16.28,0.0,75.2,31.35,0.0
24.91,56.76,0.0,0.0,55.0,48.6,30.1,0.0,58.96,14.43,0.0,67.2,0.0,17.22
0.0,18.92,0.0,0.0,0.0,18.63,21.0,0.0,58.08,0.0,0.0,46.4,0.0,0.0
0.0,16.59,0.0,0.0,0.0,18.2,16.9,0.0,47.25,0.0,0.0,50.63,0.0,0.0
41.82,57.67,0.0,0.0,37.4,35.7,40.95,0.0,43.5,14.04,0.0,76.36,20.68,0.0
0.0,55.3,0.0,0.0,31.45,36.4,40.3,0.0,52.5,8.64,40.2,76.36,20.24,9.9
23.46,55.3,34.0,0.0,41.65,37.1,33.8,0.0,42.0,12.6,0.0,68.89,0.0,0.0
27.54,46.61,0.0,0.0,0.0,34.3,39.65,0.0,39.75,9.0,54.94,74.7,23.32,0.0
0.0,44.24,0.0,0.0,34.85,36.4,40.95,0.0,36.75,7.92,0.0,73.87,0.0,0.0
20.91,26.86,0.0,0.0,0.0,9.1,0.0,0.0,33.75,0.0,0.0,49.8,0.0,0.0
0.0,29.24,0.0,0.0,0.0,14.07,25.41,0.0,29.6,0.0,0.0,55.04,0.0,0.0
22.95,77.4,0.0,0.0,42.57,34.84,53.13,0.0,45.88,40.42,38.34,75.68,31.8,16.2
29.07,56.76,0.0,0.0,59.4,37.52,52.36,0.0,48.84,15.51,0.0,79.98,28.09,0.0
27.54,61.06,0.0,0.0,47.52,25.46,46.97,0.0,44.4,17.39,0.0,86.0,0.0,0.0
28.05,67.08,0.0,0.0,53.46,44.22,47.74,0.0,40.7,0.0,0.0,83.42,0.0,16.65
25.5,57.62,0.0,0.0,0.0,34.17,33.88,0.0,40.7,0.0,0.0,75.68,0.0,0.0
0.0,30.1,0.0,0.0,0.0,17.42,32.34,0.0,39.22,0.0,0.0,61.06,0.0,0.0
0.0,26.1,0.0,0.0,0.0,14.72,24.6,0.0,59.25,21.24,0.0,54.4,0.0,0.0
17.64,81.9,0.0,0.0,0.0,33.28,68.88,0.0,46.5,20.06,0.0,80.75,0.0,19.04
35.77,78.3,0.0,0.0,0.0,26.24,43.46,0.0,53.25,19.47,0.0,76.5,27.14,20.16
29.4,64.8,0.0,0.0,0.0,25.6,54.12,0.0,31.5,21.83,0.0,79.05,23.0,0.0
25.97,60.3,0.0,0.0,0.0,28.8,50.84,0.0,57.0,57.23,0.0,79.05,21.16,26.88
0.0,28.8,0.0,0.0,0.0,24.32,32.8,0.0,33.0,14.75,0.0,68.85,0.0,22.4
0.0,43.2,0.0,0.0,0.0,20.48,47.56,0.0,26.25,0.0,0.0,57.8,0.0,0.0
0.0,26.4,0.0,0.0,0.0,0.0,25.84,0.0,43.07,0.0,0.0,51.03,0.0,0.0
17.55,71.28,0.0,0.0,0.0,40.5,48.64,0.0,43.8,9.92,0.0,74.52,27.5,0.0
27.45,58.08,0.0,0.0,52.78,41.25,46.36,0.0,46.72,8.64,0.0,70.47,0.0,0.0
25.65,64.24,0.0,0.0,0.0,47.25,55.48,0.0,35.04,9.28,0.0,67.23,0.0,0.0
23.85,71.28,0.0,0.0,52.78,45.0,29.64,0.0,43.8,0.0,0.0,74.52,26.0,0.0
18.45,58.96,0.0,0.0,0.0,53.25,52.44,0.0,49.64,10.24,0.0,72.09,0.0,0.0
0.0,28.16,0.0,0.0,0.0,13.5,30.4,0.0,25.55,0.0,0.0,48.6,0.0,0.0
0.0,19.55,0.0,0.0,0.0,13.23,0.0,0.0,45.43,0.0,0.0,48.8,0.0,0.0
25.44,63.75,0.0,0.0,41.83,38.43,38.64,0.0,40.81,5.98,0.0,77.6,23.52,0.0
25.44,76.5,0.0,0.0,42.72,23.31,46.23,0.0,53.13,9.1,0.0,70.4,25.48,0.0
35.52,73.95,0.0,0.0,37.38,27.09,38.64,0.0,47.74,0.0,36.72,66.4,23.52,0.0
23.52,52.7,0.0,0.0,0.0,31.5,44.85,0.0,40.81,6.24,0.0,74.4,0.0,0.0
17.28,50.15,0.0,0.0,48.95,25.83,28.98,0.0,49.28,5.46,0.0,66.4,0.0,0.0
0.0,29.75,0.0,0.0,0.0,13.23,17.94,0.0,39.27,0.0,0.0,44.8,0.0,0.0
0.0,21.06,0.0,0.0,0.0,11.88,22.1,0.0,30.1,0.0,0.0,51.03,0.0,0.0
13.44,56.16,0.0,0.0,0.0,26.46,52.0,0.0,32.9,8.1,0.0,76.95,0.0,0.0
15.54,62.4,0.0,0.0,0.0,23.76,31.2,0.0,44.1,6.21,0.0,71.28,0.0,0.0
19.32,46.8,0.0,0.0,0.0,19.44,21.45,0.0,36.4,7.29,0.0,68.04,32.85,0.0
20.16,44.46,0.0,0.0,0.0,19.98,33.8,0.0,31.5,0.0,0.0,72.9,0.0,0.0
0.0,30.42,0.0,0.0,0.0,19.98,25.35,0.0,31.5,0.0,0.0,61.56,0.0,0.0
0.0,10.92,0.0,0.0,0.0,9.72,0.0,0.0,38.5,0.0,0.0,49.41,0.0,0.0
0.0,24.08,0.0,0.0,0.0,8.8,0.0,0.0,22.75,0.0,0.0,43.89,0.0,0.0
20.14,73.96,0.0,0.0,43.12,15.2,30.21,0.0,35.1,0.0,0.0,66.99,0.0,0.0
0.0,67.08,0.0,0.0,36.08,14.8,22.23,0.0,32.5,0.0,0.0,67.76,0.0,0.0
28.5,58.48,0.0,0.0,40.48,12.8,29.07,0.0,29.9,5.4,0.0,66.99,0.0,0.0
0.0,60.2,0.0,0.0,0.0,13.2,30.78,0.0,35.1,0.0,0.0,70.07,0.0,0.0
15.2,50.74,0.0,0.0,53.68,6.0,21.66,0.0,32.5,0.0,0.0,61.6,0.0,0.0
0.0,24.94,0.0,0.0,0.0,0.0,16.53,68.0,27.95,0.0,0.0,43.89,0.0,0.0
0.0,16.53,0.0,0.0,0.0,0.0,15.18,0.0,36.96,0.0,0.0,44.25,0.0,0.0
0.0,0.0,0.0,0.0,0.0,0.0,0.0,0.0,64.68,0.0,0.0,46.5,0.0,0.0
0.0,13.68,0.0,0.0,0.0,6.96,16.1,0.0,51.24,0.0,0.0,53.25,0.0,0.0
14.28,30.78,0.0,0.0,0.0,0.0,17.94,0.0,61.32,0.0,0.0,63.0,0.0,0.0
12.88,36.48,0.0,0.0,55.0,10.15,17.94,0.0,47.88,3.19,0.0,63.75,17.25,0.0
11.2,22.8,0.0,0.0,0.0,6.96,0.0,49.59,57.12,0.0,0.0,60.0,0.0,0.0
0.0,21.66,0.0,0.0,0.0,0.0,15.18,0.0,52.08,0.0,0.0,51.0,0.0,0.0
0.0,0.0,0.0,0.0,0.0,7.56,0.0,0.0,38.64,0.0,0.0,46.4,0.0,0.0
0.0,18.86,0.0,0.0,0.0,7.98,29.76,0.0,67.16,0.0,0.0,58.4,0.0,0.0
22.56,71.34,0.0,0.0,0.0,10.92,32.86,0.0,92.0,8.91,0.0,71.2,0.0,0.0
29.28,65.6,0.0,0.0,40.88,21.42,31.62,0.0,83.72,0.0,0.0,72.8,0.0,0.0
35.04,57.4,0.0,0.0,0.0,13.44,44.02,0.0,69.0,7.83,0.0,77.6,0.0,0.0
33.6,58.22,0.0,0.0,37.96,14.7,31.62,0.0,70.84,0.0,0.0,71.2,0.0,0.0
20.16,38.54,0.0,0.0,0.0,6.3,17.98,0.0,45.08,0.0,0.0,55.2,0.0,0.0
31.32,28.5,0.0,0.0,0.0,12.18,16.75,0.0,51.3,0.0,0.0,57.62,0.0,0.0
44.66,74.1,0.0,0.0,58.28,26.68,40.87,0.0,75.6,0.0,0.0,79.98,28.09,0.0
27.84,69.35,0.0,0.0,0.0,26.1,36.85,0.0,63.0,8.96,0.0,83.42,0.0,0.0
36.54,87.4,0.0,0.0,0.0,26.68,46.23,0.0,61.2,8.96,0.0,75.68,0.0,0.0
48.14,69.35,0.0,0.0,0.0,35.38,40.2,0.0,54.0,0.0,0.0,76.54,27.56,0.0
37.12,72.2,0.0,41.85,46.06,27.84,28.81,0.0,63.0,11.76,0.0,76.54,0.0,0.0
0.0,37.05,0.0,0.0,0.0,9.28,23.45,0.0,29.7,0.0,0.0,55.04,0.0,0.0
27.72,18.48,0.0,0.0,0.0,10.2,29.6,0.0,41.5,11.7,0.0,55.44,0.0,0.0
58.08,64.68,0.0,31.45,0.0,31.2,48.84,0.0,57.27,11.31,42.7,70.56,29.64,23.5
45.54,50.4,0.0,0.0,0.0,22.8,42.18,0.0,71.38,12.87,0.0,73.92,34.77,16.45
25.74,59.64,0.0,0.0,0.0,29.4,41.44,0.0,54.78,12.87,0.0,79.8,42.18,17.86
37.62,58.8,0.0,0.0,42.0,24.6,42.92,0.0,45.65,8.58,0.0,71.4,0.0,0.0
58.74,47.04,0.0,0.0,0.0,18.6,45.14,0.0,49.8,14.43,0.0,64.68,34.77,21.15
0.0,28.56,0.0,0.0,0.0,10.8,28.86,0.0,52.29,0.0,0.0,57.12,0.0,0.0
0.0,36.0,0.0,0.0,0.0,6.89,0.0,0.0,50.4,0.0,0.0,49.5,0.0,0.0
46.62,82.0,0.0,0.0,0.0,22.79,46.36,0.0,40.0,19.11,0.0,63.75,0.0,24.09
35.28,93.0,0.0,0.0,30.96,19.61,47.88,0.0,55.2,14.21,0.0,60.75,27.26,24.82
36.54,99.0,0.0,0.0,34.56,23.85,39.52,0.0,49.6,10.78,0.0,61.5,30.74,22.63
57.96,81.0,0.0,0.0,28.08,27.03,53.96,0.0,56.8,49.0,0.0,64.5,0.0,73.0
42.84,83.0,0.0,0.0,0.0,14.31,58.52,0.0,46.4,15.19,0.0,56.25,0.0,44.53
0.0,32.0,0.0,0.0,0.0,0.0,32.68,0.0,43.2,0.0,0.0,42.0,0.0,0.0
28.81,21.56,0.0,0.0,0.0,18.0,23.1,0.0,41.34,0.0,0.0,41.44,0.0,0.0
45.56,87.22,0.0,0.0,0.0,45.36,46.2,0.0,60.06,11.48,0.0,60.68,0.0,0.0
58.29,68.6,0.0,0.0,0.0,38.16,35.42,0.0,41.34,17.63,0.0,57.72,0.0,17.1
49.58,94.08,0.0,0.0,0.0,49.68,55.44,0.0,46.8,25.01,0.0,59.94,0.0,0.0
59.63,87.22,0.0,0.0,0.0,48.96,48.51,0.0,59.28,13.94,0.0,62.16,45.36,0.0
50.25,80.36,0.0,0.0,0.0,26.64,40.04,0.0,46.02,14.76,0.0,57.72,0.0,0.0
0.0,35.28,0.0,0.0,0.0,10.8,20.02,0.0,37.44,0.0,0.0,42.18,0.0,0.0
0.0,29.04,0.0,0.0,0.0,32.76,25.46,0.0,36.0,0.0,0.0,43.66,0.0,0.0
39.69,70.4,0.0,0.0,0.0,42.12,26.13,0.0,47.25,16.1,0.0,59.94,54.87,0.0
36.54,59.84,0.0,0.0,0.0,45.24,42.88,0.0,45.0,16.56,0.0,59.94,0.0,0.0
34.65,58.96,0.0,0.0,0.0,45.24,30.15,0.0,49.5,17.94,37.1,52.54,0.0,0.0
35.28,58.08,0.0,0.0,0.0,56.94,36.18,0.0,37.5,22.08,0.0,59.2,0.0,0.0
40.95,65.12,0.0,0.0,0.0,38.22,31.49,0.0,36.0,17.48,0.0,56.98,33.63,0.0
0.0,35.2,0.0,0.0,0.0,0.0,22.78,0.0,45.75,13.8,0.0,42.18,0.0,0.0
0.0,22.95,0.0,0.0,0.0,21.87,21.39,0.0,36.9,0.0,0.0,42.56,0.0,0.0
27.0,65.45,0.0,0.0,0.0,43.74,38.64,0.0,50.84,15.04,0.0,62.32,0.0,0.0
33.48,64.6,0.0,0.0,0.0,68.04,51.06,0.0,50.84,25.38,0.0,66.88,0.0,0.0
34.56,62.9,0.0,0.0,0.0,44.55,26.22,0.0,59.04,19.27,0.0,59.28,0.0,0.0
42.66,55.25,0.0,0.0,0.0,51.03,38.64,0.0,61.5,14.1,0.0,60.04,28.0,14.35
29.16,51.85,0.0,0.0,0.0,43.74,41.4,0.0,45.1,15.98,0.0,58.52,33.0,0.0
0.0,25.5,0.0,0.0,0.0,21.87,0.0,0.0,43.46,0.0,0.0,42.56,0.0,0.0
0.0,20.9,0.0,0.0,0.0,32.68,0.0,0.0,50.63,0.0,0.0,41.25,0.0,0.0
39.0,79.8,0.0,0.0,0.0,48.64,60.06,0.0,55.61,28.6,0.0,62.25,0.0,0.0
45.0,73.15,0.0,0.0,0.0,41.8,61.6,0.0,54.78,33.28,0.0,59.25,44.2,0.0
31.2,70.3,0.0,0.0,0.0,50.92,50.05,0.0,51.46,32.76,0.0,60.0,42.25,0.0
43.2,84.55,0.0,0.0,0.0,40.28,26.18,0.0,66.4,25.48,0.0,57.0,0.0,0.0
49.2,62.7,0.0,0.0,0.0,36.48,63.14,0.0,43.16,16.64,0.0,63.75,0.0,0.0
0.0,36.1,0.0,0.0,0.0,15.2,0.0,0.0,43.99,14.56,0.0,45.0,0.0,0.0
0.0,21.0,0.0,0.0,0.0,29.16,29.88,0.0,45.26,0.0,0.0,41.58,0.0,0.0
48.28,64.68,0.0,0.0,0.0,50.22,59.76,0.0,46.72,25.76,0.0,66.22,0.0,0.0
35.36,63.84,0.0,0.0,0.0,48.6,48.14,0.0,36.5,16.56,0.0,65.45,36.96,0.0
44.2,69.72,0.0,0.0,0.0,47.79,51.46,0.0,37.23,23.46,0.0,63.91,0.0,0.0
68.0,52.08,0.0,0.0,0.0,49.41,47.31,0.0,54.02,20.7,0.0,70.84,0.0,0.0
66.64,46.2,0.0,0.0,0.0,45.36,61.42,0.0,46.72,14.72,0.0,61.6,38.64,0.0
0.0,26.88,0.0,0.0,0.0,31.59,33.2,0.0,33.58,0.0,0.0,49.28,51.52,0.0
0.0,20.75,0.0,0.0,0.0,25.11,53.4,0.0,63.9,0.0,0.0,48.98,0.0,0.0
41.58,60.59,0.0,0.0,0.0,52.65,58.74,0.0,82.8,11.89,0.0,74.26,0.0,0.0
30.24,64.74,0.0,0.0,0.0,59.13,63.19,0.0,55.8,19.27,0.0,63.99,40.87,0.0
27.54,55.61,0.0,0.0,0.0,55.89,62.3,0.0,51.3,0.0,0.0,68.73,46.9,0.0
31.32,49.8,0.0,0.0,0.0,35.64,51.62,0.0,73.8,9.43,0.0,64.78,0.0,0.0
27.54,43.99,0.0,0.0,0.0,40.5,60.52,0.0,57.6,13.94,0.0,65.57,41.54,0.0
0.0,29.88,0.0,0.0,0.0,26.73,40.94,0.0,36.9,0.0,0.0,47.4,0.0,0.0
0.0,19.78,0.0,0.0,0.0,20.28,18.2,0.0,56.96,0.0,0.0,45.6,0.0,0.0
37.4,62.78,0.0,0.0,0.0,39.78,23.8,0.0,73.87,0.0,0.0,69.92,0.0,0.0
37.4,59.34,0.0,0.0,0.0,49.14,29.4,0.0,64.97,13.64,0.0,65.36,52.44,0.0
37.95,81.7,0.0,0.0,0.0,44.46,26.6,0.0,65.86,22.88,0.0,61.56,41.8,17.63
33.55,57.62,0.0,0.0,0.0,49.14,42.7,0.0,57.85,11.44,0.0,58.52,41.04,0.0
34.65,55.04,0.0,0.0,0.0,49.92,55.3,0.0,51.62,24.2,0.0,61.56,0.0,0.0
0.0,21.5,0.0,0.0,0.0,25.74,0.0,0.0,35.6,0.0,0.0,44.08,0.0,0.0
0.0,11.62,0.0,0.0,0.0,14.95,0.0,0.0,48.97,10.4,0.0,40.5,0.0,0.0
43.68,70.55,0.0,0.0,16.77,43.55,55.38,0.0,51.46,14.8,0.0,63.0,0.0,0.0
37.44,74.7,0.0,0.0,0.0,36.4,50.41,0.0,68.06,19.2,0.0,66.75,38.08,0.0
17.28,48.97,0.0,0.0,0.0,28.6,51.12,0.0,50.63,16.4,0.0,65.25,37.4,0.0
0.0,33.2,0.0,0.0,0.0,25.35,31.24,0.0,46.48,0.0,0.0,60.0,40.8,0.0
0.0,53.12,0.0,0.0,0.0,34.45,34.79,0.0,47.31,0.0,0.0,58.5,0.0,0.0
0.0,34.86,0.0,0.0,0.0,14.3,0.0,0.0,43.99,0.0,0.0,44.25,0.0,27.93
0.0,23.49,0.0,0.0,0.0,22.08,25.08,0.0,45.36,0.0,43.12,57.67,0.0,0.0
21.45,72.21,0.0,0.0,0.0,44.16,44.08,0.0,57.51,18.45,0.0,71.89,40.6,22.68
41.8,80.91,0.0,0.0,0.0,31.05,51.68,0.0,68.04,13.05,0.0,67.94,0.0,16.38
30.8,64.38,0.0,0.0,0.0,42.09,50.16,0.0,35.64,31.5,0.0,63.99,59.5,0.0
25.85,62.64,0.0,0.0,0.0,35.88,53.2,0.0,48.6,0.0,0.0,67.15,0.0,0.0
0.0,18.27,0.0,0.0,0.0,29.67,42.56,0.0,48.6,0.0,0.0,50.56,0.0,0.0
24.2,23.49,0.0,0.0,0.0,22.77,30.4,0.0,38.88,0.0,0.0,48.98,0.0,0.0
0.0,14.58,0.0,0.0,0.0,34.71,29.6,0.0,51.04,0.0,0.0,46.36,0.0,0.0
0.0,21.87,0.0,0.0,0.0,51.62,48.8,0.0,73.04,0.0,0.0,54.72,0.0,20.72
36.04,58.32,0.0,0.0,0.0,70.31,66.4,0.0,63.36,12.96,0.0,71.44,24.96,15.17
37.63,69.66,0.0,0.0,0.0,53.4,59.2,0.0,56.32,14.4,0.0,58.52,25.92,0.0
30.74,62.37,0.0,0.0,0.0,71.2,44.0,0.0,58.96,0.0,0.0,63.84,0.0,0.0
23.32,51.84,0.0,0.0,0.0,50.73,53.6,0.0,63.36,16.2,0.0,53.96,0.0,0.0
0.0,32.4,0.0,0.0,0.0,15.13,21.6,0.0,52.8,0.0,0.0,44.84,0.0,0.0
0.0,23.52,0.0,0.0,0.0,17.43,33.62,0.0,60.72,0.0,0.0,47.4,0.0,0.0
46.61,57.12,0.0,25.0,0.0,53.12,50.02,0.0,71.28,13.76,0.0,67.15,30.68,0.0
35.4,58.8,0.0,0.0,0.0,59.76,39.36,0.0,57.2,17.2,0.0,63.2,0.0,0.0
33.04,54.6,0.0,0.0,24.94,45.65,54.94,0.0,69.52,19.78,0.0,67.94,42.64,0.0
31.27,55.44,0.0,0.0,0.0,58.1,56.58,0.0,63.36,0.0,0.0,70.31,0.0,0.0
0.0,57.96,0.0,0.0,0.0,43.99,72.16,0.0,37.84,18.06,0.0,60.83,0.0,15.12
38.94,27.72,0.0,0.0,0.0,28.22,26.24,0.0,41.36,13.76,0.0,45.82,0.0,0.0
0.0,14.11,0.0,0.0,0.0,18.6,28.16,0.0,49.5,0.0,0.0,40.88,0.0,0.0
33.39,59.76,0.0,0.0,0.0,61.38,52.8,0.0,56.7,14.35,0.0,60.59,65.6,0.0
26.5,60.59,0.0,0.0,0.0,72.54,69.52,0.0,73.8,26.24,0.0,58.4,56.0,0.0
19.08,45.65,0.0,0.0,0.0,68.82,58.96,0.0,70.2,11.48,0.0,52.56,80.0,0.0
33.92,53.12,0.0,0.0,0.0,61.38,73.04,0.0,72.0,17.22,0.0,57.67,63.2,0.0
28.62,48.14,0.0,0.0,0.0,69.75,53.68,0.0,73.8,0.0,0.0,57.67,0.0,0.0
0.0,30.71,0.0,0.0,0.0,23.25,29.04,0.0,45.0,11.48,0.0,40.88,0.0,0.0
0.0,17.43,46.48,0.0,0.0,28.8,24.18,0.0,42.12,0.0,0.0,43.31,0.0,0.0
0.0,64.74,0.0,0.0,0.0,78.72,42.12,0.0,61.56,16.81,0.0,57.51,0.0,0.0
39.5,69.72,0.0,0.0,0.0,66.24,47.58,0.0,59.13,21.73,89.0,52.54,0.0,0.0
30.5,61.42,0.0,0.0,0.0,75.84,78.0,0.0,59.13,15.58,59.63,53.25,0.0,0.0
36.0,58.1,0.0,0.0,0.0,67.2,50.7,0.0,46.17,14.76,0.0,51.12,0.0,0.0
24.0,46.48,0.0,0.0,0.0,62.4,41.34,0.0,55.89,11.48,0.0,51.12,23.4,0.0
0.0,20.75,0.0,0.0,0.0,31.68,33.54,0.0,33.21,0.0,0.0,36.92,0.0,0.0
0.0,0.0,0.0,0.0,0.0,40.48,26.56,0.0,28.7,11.78,0.0,40.15,0.0,0.0
43.07,84.0,0.0,0.0,0.0,60.72,62.25,0.0,60.68,0.0,0.0,62.78,0.0,18.9
53.69,70.56,0.0,0.0,0.0,56.32,68.89,0.0,45.92,22.42,55.2,57.67,0.0,0.0
35.4,38.64,0.0,0.0,22.56,51.04,40.67,0.0,50.84,0.0,0.0,51.1,0.0,0.0
